{
  "GET /products by category" : {
    "transaction" : "GET /products by category",
    "sampleCount" : 197618,
    "errorCount" : 0,
    "errorPct" : 0.0,
    "meanResTime" : 27.877000070843316,
    "medianResTime" : 14.0,
    "minResTime" : 1.0,
    "maxResTime" : 1135.0,
    "pct1ResTime" : 44.0,
    "pct2ResTime" : 82.0,
    "pct3ResTime" : 139.0,
    "throughput" : 1646.103355212741,
    "receivedKBytesPerSec" : 29272.5303247499,
    "sentKBytesPerSec" : 287.7465826006647
  },
  "Total" : {
    "transaction" : "Total",
    "sampleCount" : 197618,
    "errorCount" : 0,
    "errorPct" : 0.0,
    "meanResTime" : 27.877000070843316,
    "medianResTime" : 14.0,
    "minResTime" : 1.0,
    "maxResTime" : 1135.0,
    "pct1ResTime" : 44.0,
    "pct2ResTime" : 82.0,
    "pct3ResTime" : 139.0,
    "throughput" : 1646.103355212741,
    "receivedKBytesPerSec" : 29272.5303247499,
    "sentKBytesPerSec" : 287.7465826006647
  }
}